[
  {
    "id": "7a1a03d2-446a-46a6-9062-9e04a56a8c70",
    "data": [
      {
        "text": "no",
        "userDefined": false
      }
    ],
    "isTemplate": false,
    "count": 0,
    "lang": "en",
    "updated": 0
  },
  {
    "id": "cbcbb07f-d9c3-4fe7-86a4-941e7496c6d2",
    "data": [
      {
        "text": "I have to work on a report @priority",
        "userDefined": false
      }
    ],
    "isTemplate": false,
    "count": 0,
    "lang": "en",
    "updated": 0
  },
  {
    "id": "307cf2ba-9e8f-4ce9-922e-6e330c849ad9",
    "data": [
      {
        "text": "Add a @task_name for @date",
        "userDefined": false
      }
    ],
    "isTemplate": false,
    "count": 0,
    "lang": "en",
    "updated": 0
  },
  {
    "id": "362acd55-0b17-46e7-8b81-75883fd03b62",
    "data": [
      {
        "text": "Could you remind me to @task_name tomorrow?",
        "userDefined": false
      }
    ],
    "isTemplate": false,
    "count": 0,
    "lang": "en",
    "updated": 0
  },
  {
    "id": "02e4dc1b-e166-494c-a004-be406e07cef7",
    "data": [
      {
        "text": "Add “finish my assignment” to my tasks",
        "userDefined": false
      }
    ],
    "isTemplate": false,
    "count": 0,
    "lang": "en",
    "updated": 0
  },
  {
    "id": "78548f2e-8ae9-4dea-a8fa-1249f88e9dd6",
    "data": [
      {
        "text": "Create a task",
        "userDefined": false
      }
    ],
    "isTemplate": false,
    "count": 0,
    "lang": "en",
    "updated": 0
  },
  {
    "id": "7e7daed3-ada2-4083-87aa-c97181e963ae",
    "data": [
      {
        "text": "Add a task to my list",
        "userDefined": false
      }
    ],
    "isTemplate": false,
    "count": 0,
    "lang": "en",
    "updated": 0
  }
]