[
  {
    "id": "92ac1589-b941-4102-9d88-084e7368593b",
    "data": [
      {
        "text": "Store this note",
        "userDefined": false
      }
    ],
    "isTemplate": false,
    "count": 0,
    "lang": "en",
    "updated": 0
  },
  {
    "id": "0eb00333-3ea7-4b52-be13-d2df042eb15a",
    "data": [
      {
        "text": "Add a note saying “...”",
        "userDefined": false
      }
    ],
    "isTemplate": false,
    "count": 0,
    "lang": "en",
    "updated": 0
  },
  {
    "id": "ae2f7385-2bfb-41b6-96cb-3fd3eab0a359",
    "data": [
      {
        "text": "Create a note",
        "userDefined": false
      }
    ],
    "isTemplate": false,
    "count": 0,
    "lang": "en",
    "updated": 0
  }
]