[
  {
    "id": "ba65532c-76c3-4a18-b598-d4468a590962",
    "data": [
      {
        "text": "Clear this task",
        "userDefined": false
      }
    ],
    "isTemplate": false,
    "count": 0,
    "lang": "en",
    "updated": 0
  },
  {
    "id": "8550bcda-ae4e-4b01-a423-a3bee3b4396c",
    "data": [
      {
        "text": "Remove @task_name from my list",
        "userDefined": false
      }
    ],
    "isTemplate": false,
    "count": 0,
    "lang": "en",
    "updated": 0
  },
  {
    "id": "5859773d-840f-4b03-8140-60a07002208a",
    "data": [
      {
        "text": "Delete the task @task_name",
        "userDefined": false
      }
    ],
    "isTemplate": false,
    "count": 0,
    "lang": "en",
    "updated": 0
  }
]