[
  {
    "id": "f7d38262-f2c2-42f4-9657-ca6dc7d32ed5",
    "data": [
      {
        "text": "I want to be more productive",
        "userDefined": false
      }
    ],
    "isTemplate": false,
    "count": 0,
    "lang": "en",
    "updated": 0
  },
  {
    "id": "4e0cc7b5-a89e-4339-8fe2-255ec430c962",
    "data": [
      {
        "text": "Suggest how I divide my ",
        "userDefined": false
      },
      {
        "text": "tasks",
        "meta": "@task_name",
        "alias": "task_name",
        "userDefined": false
      }
    ],
    "isTemplate": false,
    "count": 0,
    "lang": "en",
    "updated": 0
  },
  {
    "id": "d05c0b1e-cd57-46bf-9fe4-1fc966e64c11",
    "data": [
      {
        "text": "How do I plan my schedule?",
        "userDefined": false
      }
    ],
    "isTemplate": false,
    "count": 0,
    "lang": "en",
    "updated": 0
  },
  {
    "id": "4e1dd80b-55cd-4d5a-ba51-07b855950b23",
    "data": [
      {
        "text": "Help me organize my ",
        "userDefined": false
      },
      {
        "text": "week",
        "meta": "@date",
        "alias": "date",
        "userDefined": false
      }
    ],
    "isTemplate": false,
    "count": 0,
    "lang": "en",
    "updated": 0
  }
]