[
  {
    "id": "766ca0c2-3c15-4a24-aca7-d4c6aeb2262e",
    "data": [
      {
        "text": "I finished this ",
        "userDefined": false
      },
      {
        "text": "task",
        "meta": "@task_name",
        "alias": "task_name",
        "userDefined": false
      }
    ],
    "isTemplate": false,
    "count": 0,
    "lang": "en",
    "updated": 0
  },
  {
    "id": "9161d621-37d3-44fa-be0f-3baaaa8846b6",
    "data": [
      {
        "text": "Completed @task_name",
        "userDefined": false
      }
    ],
    "isTemplate": false,
    "count": 0,
    "lang": "en",
    "updated": 0
  },
  {
    "id": "c295ebe4-da97-46c3-88fa-9c1f7cb83cf7",
    "data": [
      {
        "text": "Mark @task_name as done",
        "userDefined": false
      }
    ],
    "isTemplate": false,
    "count": 0,
    "lang": "en",
    "updated": 0
  }
]