[
  {
    "id": "8f9e6c7d-ab9a-4181-9752-d4f55de06adf",
    "data": [
      {
        "text": "Give me ",
        "userDefined": false
      },
      {
        "text": "a weekly",
        "meta": "@date",
        "alias": "date",
        "userDefined": false
      },
      {
        "text": " summary",
        "userDefined": false
      }
    ],
    "isTemplate": false,
    "count": 0,
    "lang": "en",
    "updated": 0
  },
  {
    "id": "70be3bc7-1f7b-4ffc-9796-e186a82be4db",
    "data": [
      {
        "text": "What deadlines do I have this ",
        "userDefined": false
      },
      {
        "text": "week",
        "meta": "@date",
        "alias": "date",
        "userDefined": false
      },
      {
        "text": "?",
        "userDefined": false
      }
    ],
    "isTemplate": false,
    "count": 0,
    "lang": "en",
    "updated": 0
  },
  {
    "id": "42847258-363e-4126-b3cd-f0250962b628",
    "data": [
      {
        "text": "What\u0027s my schedule today?",
        "userDefined": false
      }
    ],
    "isTemplate": false,
    "count": 0,
    "lang": "en",
    "updated": 0
  }
]