[
  {
    "id": "cdc6774d-72c3-4cb6-93a8-bbe98e2611e4",
    "data": [
      {
        "text": "Modify the priority of @task_name to @priority",
        "userDefined": false
      }
    ],
    "isTemplate": false,
    "count": 0,
    "lang": "en",
    "updated": 0
  },
  {
    "id": "582275e1-ee34-4e73-b6f0-180b72314a25",
    "data": [
      {
        "text": "Change the deadline of @task_name to @date",
        "userDefined": false
      }
    ],
    "isTemplate": false,
    "count": 0,
    "lang": "en",
    "updated": 0
  },
  {
    "id": "adae1233-24b0-46cd-bd69-33c4971ccdb0",
    "data": [
      {
        "text": "Update the task @task_name",
        "userDefined": false
      }
    ],
    "isTemplate": false,
    "count": 0,
    "lang": "en",
    "updated": 0
  }
]