[
  {
    "id": "524c66d9-3643-49a0-8a0d-38c7abf80f66",
    "data": [
      {
        "text": "Tasks for @project_name please",
        "userDefined": false
      }
    ],
    "isTemplate": false,
    "count": 0,
    "lang": "en",
    "updated": 0
  },
  {
    "id": "7a7d03b5-520c-4782-856e-eacd41ebe630",
    "data": [
      {
        "text": "What are my deadlines this ",
        "userDefined": false
      },
      {
        "text": "week",
        "meta": "@date",
        "alias": "date",
        "userDefined": false
      },
      {
        "text": "?",
        "userDefined": false
      }
    ],
    "isTemplate": false,
    "count": 0,
    "lang": "en",
    "updated": 0
  },
  {
    "id": "6c42d37d-4072-40b1-83fe-9e41bdfd4066",
    "data": [
      {
        "text": "What do I have ",
        "userDefined": false
      },
      {
        "text": "today",
        "meta": "@date",
        "alias": "date",
        "userDefined": false
      },
      {
        "text": "?",
        "userDefined": false
      }
    ],
    "isTemplate": false,
    "count": 0,
    "lang": "en",
    "updated": 0
  },
  {
    "id": "1455dc32-62ef-46e5-8a19-f2f259fc4cb5",
    "data": [
      {
        "text": "Show all my ",
        "userDefined": false
      },
      {
        "text": "tasks",
        "meta": "@task_name",
        "alias": "task_name",
        "userDefined": false
      }
    ],
    "isTemplate": false,
    "count": 0,
    "lang": "en",
    "updated": 0
  }
]