[
  {
    "value": "finish assignment",
    "synonyms": [
      "finish assignment"
    ]
  },
  {
    "value": "submit report",
    "synonyms": [
      "submit report"
    ]
  },
  {
    "value": "buy groceries",
    "synonyms": [
      "buy groceries"
    ]
  },
  {
    "value": "update project file",
    "synonyms": [
      "update project file"
    ]
  },
  {
    "value": "study chapter 1",
    "synonyms": [
      "study chapter 1"
    ]
  },
  {
    "value": "tasks",
    "synonyms": [
      "tasks"
    ]
  }
]